{
  "type": "minecraft:entity",
  "pools": [
    {
      "rolls": 1,
      "entries": [
        {
          "type": "minecraft:item",
          "name": "minecraft:paper",
          "conditions": [
            {
              "condition": "minecraft:entity_scores",
              "entity": "killer",
              "scores": {
                "azv_zombie": {
                  "min": 1,
                  "max": 2
                }
              }
            }
          ],
          "functions": [
            {
              "function": "copy_nbt",
              "source": "this",
              "ops": [
                { 
                  "source": "VillagerData",
                  "target": "SaveVillagerData",
                  "op": "replace"
                }
              ]
            },
            {
              "function": "copy_nbt",
              "source": "this",
              "ops": [
                { 
                  "source": "Offers",
                  "target": "SaveOffers",
                  "op": "replace"
                }
              ]
            },
            {
              "function": "copy_nbt",
              "source": "this",
              "ops": [
                { 
                  "source": "Brain",
                  "target": "SaveBrain",
                  "op": "replace"
                }
              ]
            },
            {
              "function": "copy_nbt",
              "source": "this",
              "ops": [
                { 
                  "source": "Gossips",
                  "target": "SaveGossips",
                  "op": "replace"
                }
              ]
            },
            {
              "function": "copy_nbt",
              "source": "this",
              "ops": [
                { 
                  "source": "Xp",
                  "target": "SaveXp",
                  "op": "replace"
                }
              ]
            },
            {
              "function": "set_nbt",
              "tag": "{azv:1b}"
            }
          ]
        }
      ]
    }
  ]
}